./1-1.json, code_compact
./1-2.json, code_compact-dubug_protection
./1-3.json, code_compact-dubug_protection-name_obfuscation
./1-4.json, code_compact-dubug_protection-name_obfuscation-self_defending
./1-5.json, code_compact-dubug_protection-name_obfuscation-self_defending-control_flow_flattening
./1-6.json, code_compact-dubug_protection-name_obfuscation-self_defending-control_flow_flattening-deadcode_injection
./1-7.json, code_compact-dubug_protection-name_obfuscation-self_defending-control_flow_flattening-deadcode_injection-string_obfuscation
./combinations/C71-0.json, code_compact
./combinations/C71-1.json, dubug_protection
./combinations/C71-2.json, name_obfuscation
./combinations/C71-3.json, self_defending
./combinations/C71-4.json, control_flow_flattening
./combinations/C71-5.json, deadcode_injection
./combinations/C71-6.json, string_obfuscation
./combinations/C72-0.json, code_compact-dubug_protection
./combinations/C72-1.json, code_compact-name_obfuscation
./combinations/C72-2.json, code_compact-self_defending
./combinations/C72-3.json, code_compact-control_flow_flattening
./combinations/C72-4.json, code_compact-deadcode_injection
./combinations/C72-5.json, code_compact-string_obfuscation
./combinations/C72-6.json, dubug_protection-name_obfuscation
./combinations/C72-7.json, dubug_protection-self_defending
./combinations/C72-8.json, dubug_protection-control_flow_flattening
./combinations/C72-9.json, dubug_protection-deadcode_injection
./combinations/C72-10.json, dubug_protection-string_obfuscation
./combinations/C72-11.json, name_obfuscation-self_defending
./combinations/C72-12.json, name_obfuscation-control_flow_flattening
./combinations/C72-13.json, name_obfuscation-deadcode_injection
./combinations/C72-14.json, name_obfuscation-string_obfuscation
./combinations/C72-15.json, self_defending-control_flow_flattening
./combinations/C72-16.json, self_defending-deadcode_injection
./combinations/C72-17.json, self_defending-string_obfuscation
./combinations/C72-18.json, control_flow_flattening-deadcode_injection
./combinations/C72-19.json, control_flow_flattening-string_obfuscation
./combinations/C72-20.json, deadcode_injection-string_obfuscation
./combinations/C73-0.json, code_compact-dubug_protection-name_obfuscation
./combinations/C73-1.json, code_compact-dubug_protection-self_defending
./combinations/C73-2.json, code_compact-dubug_protection-control_flow_flattening
./combinations/C73-3.json, code_compact-dubug_protection-deadcode_injection
./combinations/C73-4.json, code_compact-dubug_protection-string_obfuscation
./combinations/C73-5.json, code_compact-name_obfuscation-self_defending
./combinations/C73-6.json, code_compact-name_obfuscation-control_flow_flattening
./combinations/C73-7.json, code_compact-name_obfuscation-deadcode_injection
./combinations/C73-8.json, code_compact-name_obfuscation-string_obfuscation
./combinations/C73-9.json, code_compact-self_defending-control_flow_flattening
./combinations/C73-10.json, code_compact-self_defending-deadcode_injection
./combinations/C73-11.json, code_compact-self_defending-string_obfuscation
./combinations/C73-12.json, code_compact-control_flow_flattening-deadcode_injection
./combinations/C73-13.json, code_compact-control_flow_flattening-string_obfuscation
./combinations/C73-14.json, code_compact-deadcode_injection-string_obfuscation
./combinations/C73-15.json, dubug_protection-name_obfuscation-self_defending
./combinations/C73-16.json, dubug_protection-name_obfuscation-control_flow_flattening
./combinations/C73-17.json, dubug_protection-name_obfuscation-deadcode_injection
./combinations/C73-18.json, dubug_protection-name_obfuscation-string_obfuscation
./combinations/C73-19.json, dubug_protection-self_defending-control_flow_flattening
./combinations/C73-20.json, dubug_protection-self_defending-deadcode_injection
./combinations/C73-21.json, dubug_protection-self_defending-string_obfuscation
./combinations/C73-22.json, dubug_protection-control_flow_flattening-deadcode_injection
./combinations/C73-23.json, dubug_protection-control_flow_flattening-string_obfuscation
./combinations/C73-24.json, dubug_protection-deadcode_injection-string_obfuscation
./combinations/C73-25.json, name_obfuscation-self_defending-control_flow_flattening
./combinations/C73-26.json, name_obfuscation-self_defending-deadcode_injection
./combinations/C73-27.json, name_obfuscation-self_defending-string_obfuscation
./combinations/C73-28.json, name_obfuscation-control_flow_flattening-deadcode_injection
./combinations/C73-29.json, name_obfuscation-control_flow_flattening-string_obfuscation
./combinations/C73-30.json, name_obfuscation-deadcode_injection-string_obfuscation
./combinations/C73-31.json, self_defending-control_flow_flattening-deadcode_injection
./combinations/C73-32.json, self_defending-control_flow_flattening-string_obfuscation
./combinations/C73-33.json, self_defending-deadcode_injection-string_obfuscation
./combinations/C73-34.json, control_flow_flattening-deadcode_injection-string_obfuscation
./combinations/C74-0.json, code_compact-dubug_protection-name_obfuscation-self_defending
./combinations/C74-1.json, code_compact-dubug_protection-name_obfuscation-control_flow_flattening
./combinations/C74-2.json, code_compact-dubug_protection-name_obfuscation-deadcode_injection
./combinations/C74-3.json, code_compact-dubug_protection-name_obfuscation-string_obfuscation
./combinations/C74-4.json, code_compact-dubug_protection-self_defending-control_flow_flattening
./combinations/C74-5.json, code_compact-dubug_protection-self_defending-deadcode_injection
./combinations/C74-6.json, code_compact-dubug_protection-self_defending-string_obfuscation
./combinations/C74-7.json, code_compact-dubug_protection-control_flow_flattening-deadcode_injection
./combinations/C74-8.json, code_compact-dubug_protection-control_flow_flattening-string_obfuscation
./combinations/C74-9.json, code_compact-dubug_protection-deadcode_injection-string_obfuscation
./combinations/C74-10.json, code_compact-name_obfuscation-self_defending-control_flow_flattening
./combinations/C74-11.json, code_compact-name_obfuscation-self_defending-deadcode_injection
./combinations/C74-12.json, code_compact-name_obfuscation-self_defending-string_obfuscation
./combinations/C74-13.json, code_compact-name_obfuscation-control_flow_flattening-deadcode_injection
./combinations/C74-14.json, code_compact-name_obfuscation-control_flow_flattening-string_obfuscation
./combinations/C74-15.json, code_compact-name_obfuscation-deadcode_injection-string_obfuscation
./combinations/C74-16.json, code_compact-self_defending-control_flow_flattening-deadcode_injection
./combinations/C74-17.json, code_compact-self_defending-control_flow_flattening-string_obfuscation
./combinations/C74-18.json, code_compact-self_defending-deadcode_injection-string_obfuscation
./combinations/C74-19.json, code_compact-control_flow_flattening-deadcode_injection-string_obfuscation
./combinations/C74-20.json, dubug_protection-name_obfuscation-self_defending-control_flow_flattening
./combinations/C74-21.json, dubug_protection-name_obfuscation-self_defending-deadcode_injection
./combinations/C74-22.json, dubug_protection-name_obfuscation-self_defending-string_obfuscation
./combinations/C74-23.json, dubug_protection-name_obfuscation-control_flow_flattening-deadcode_injection
./combinations/C74-24.json, dubug_protection-name_obfuscation-control_flow_flattening-string_obfuscation
./combinations/C74-25.json, dubug_protection-name_obfuscation-deadcode_injection-string_obfuscation
./combinations/C74-26.json, dubug_protection-self_defending-control_flow_flattening-deadcode_injection
./combinations/C74-27.json, dubug_protection-self_defending-control_flow_flattening-string_obfuscation
./combinations/C74-28.json, dubug_protection-self_defending-deadcode_injection-string_obfuscation
./combinations/C74-29.json, dubug_protection-control_flow_flattening-deadcode_injection-string_obfuscation
./combinations/C74-30.json, name_obfuscation-self_defending-control_flow_flattening-deadcode_injection
./combinations/C74-31.json, name_obfuscation-self_defending-control_flow_flattening-string_obfuscation
./combinations/C74-32.json, name_obfuscation-self_defending-deadcode_injection-string_obfuscation
./combinations/C74-33.json, name_obfuscation-control_flow_flattening-deadcode_injection-string_obfuscation
./combinations/C74-34.json, self_defending-control_flow_flattening-deadcode_injection-string_obfuscation
./combinations/C75-0.json, code_compact-dubug_protection-name_obfuscation-self_defending-control_flow_flattening
./combinations/C75-1.json, code_compact-dubug_protection-name_obfuscation-self_defending-deadcode_injection
./combinations/C75-2.json, code_compact-dubug_protection-name_obfuscation-self_defending-string_obfuscation
./combinations/C75-3.json, code_compact-dubug_protection-name_obfuscation-control_flow_flattening-deadcode_injection
./combinations/C75-4.json, code_compact-dubug_protection-name_obfuscation-control_flow_flattening-string_obfuscation
./combinations/C75-5.json, code_compact-dubug_protection-name_obfuscation-deadcode_injection-string_obfuscation
./combinations/C75-6.json, code_compact-dubug_protection-self_defending-control_flow_flattening-deadcode_injection
./combinations/C75-7.json, code_compact-dubug_protection-self_defending-control_flow_flattening-string_obfuscation
./combinations/C75-8.json, code_compact-dubug_protection-self_defending-deadcode_injection-string_obfuscation
./combinations/C75-9.json, code_compact-dubug_protection-control_flow_flattening-deadcode_injection-string_obfuscation
./combinations/C75-10.json, code_compact-name_obfuscation-self_defending-control_flow_flattening-deadcode_injection
./combinations/C75-11.json, code_compact-name_obfuscation-self_defending-control_flow_flattening-string_obfuscation
./combinations/C75-12.json, code_compact-name_obfuscation-self_defending-deadcode_injection-string_obfuscation
./combinations/C75-13.json, code_compact-name_obfuscation-control_flow_flattening-deadcode_injection-string_obfuscation
./combinations/C75-14.json, code_compact-self_defending-control_flow_flattening-deadcode_injection-string_obfuscation
./combinations/C75-15.json, dubug_protection-name_obfuscation-self_defending-control_flow_flattening-deadcode_injection
./combinations/C75-16.json, dubug_protection-name_obfuscation-self_defending-control_flow_flattening-string_obfuscation
./combinations/C75-17.json, dubug_protection-name_obfuscation-self_defending-deadcode_injection-string_obfuscation
./combinations/C75-18.json, dubug_protection-name_obfuscation-control_flow_flattening-deadcode_injection-string_obfuscation
./combinations/C75-19.json, dubug_protection-self_defending-control_flow_flattening-deadcode_injection-string_obfuscation
./combinations/C75-20.json, name_obfuscation-self_defending-control_flow_flattening-deadcode_injection-string_obfuscation
./combinations/C76-0.json, code_compact-dubug_protection-name_obfuscation-self_defending-control_flow_flattening-deadcode_injection
./combinations/C76-1.json, code_compact-dubug_protection-name_obfuscation-self_defending-control_flow_flattening-string_obfuscation
./combinations/C76-2.json, code_compact-dubug_protection-name_obfuscation-self_defending-deadcode_injection-string_obfuscation
./combinations/C76-3.json, code_compact-dubug_protection-name_obfuscation-control_flow_flattening-deadcode_injection-string_obfuscation
./combinations/C76-4.json, code_compact-dubug_protection-self_defending-control_flow_flattening-deadcode_injection-string_obfuscation
./combinations/C76-5.json, code_compact-name_obfuscation-self_defending-control_flow_flattening-deadcode_injection-string_obfuscation
./combinations/C76-6.json, dubug_protection-name_obfuscation-self_defending-control_flow_flattening-deadcode_injection-string_obfuscation
./combinations/C77-0.json, code_compact-dubug_protection-name_obfuscation-self_defending-control_flow_flattening-deadcode_injection-string_obfuscation
